{
  "project_info": {
    "project_number": "1026089200738",
    "firebase_url": "https://prophoto-991a3.firebaseio.com",
    "project_id": "prophoto-991a3",
    "storage_bucket": "prophoto-991a3.appspot.com"
  },
  "client": [
    {
      "client_info": {
        "mobilesdk_app_id": "1:1026089200738:android:319f1e0412be62e83b753b",
        "android_client_info": {
          "package_name": "com.example.prophoto"
        }
      },
      "oauth_client": [
        {
          "client_id": "1026089200738-g38jd620j7qhe4l37p46gnasmc0npvvu.apps.googleusercontent.com",
          "client_type": 1,
          "android_info": {
            "package_name": "com.example.prophoto",
            "certificate_hash": "4207b9585cd7f10e24a9a95b8bf24e5d10a117e5"
          }
        },
        {
          "client_id": "1026089200738-4gloeuaqcle2ll1rvq8q0s755lda3c6h.apps.googleusercontent.com",
          "client_type": 3
        }
      ],
      "api_key": [
        {
          "current_key": "AIzaSyBy5uN8ackRs7w7Ou4HeauVus5o_lhPiCM"
        }
      ],
      "services": {
        "appinvite_service": {
          "other_platform_oauth_client": [
            {
              "client_id": "1026089200738-4gloeuaqcle2ll1rvq8q0s755lda3c6h.apps.googleusercontent.com",
              "client_type": 3
            }
          ]
        }
      }
    }
  ],
  "configuration_version": "1"
}